"WV",1
"NSIFDATV.110"
"WA",1
"Walk in home","26-10-03 12:00","1äKïΩñ ê}",910.00,1,1,0.00,-8190.00,12.51,5005.00,-3867.50,625.00,3,0,2896,5636,8436
"WB",0
"WC",0
"XA",14
1,2,1,0,36,2400,"êHì∞ÅEãèä‘",6,0.00,-7735.00,3640.00,-7735.00,3640.00,-2275.00,2730.00,-2275.00,2730.00,0.00,0.00,0.00
1,2,1,0,36,2400,"ë‰èä",4,2730.00,-2275.00,6370.00,-2275.00,6370.00,0.00,2730.00,0.00
1,6,1,0,36,2400,"äKíi",4,3640.00,-4095.00,5460.00,-4095.00,5460.00,-2275.00,3640.00,-2275.00
1,9,1,0,36,2400,"é˚î[",4,5460.00,-4095.00,6370.00,-4095.00,6370.00,-2275.00,5460.00,-2275.00
1,2,1,0,36,2400,"ÉzÅ[Éã",4,3640.00,-5915.00,6370.00,-5915.00,6370.00,-4095.00,3640.00,-4095.00
1,3,1,0,-144,2580,"å∫ä÷",4,4550.00,-7735.00,6370.00,-7735.00,6370.00,-5915.00,4550.00,-5915.00
1,3,1,0,-144,2580,"â∫ë´ì¸",4,3640.00,-7735.00,4550.00,-7735.00,4550.00,-5915.00,3640.00,-5915.00
1,2,1,0,36,2400,"òaé∫",4,6370.00,-7735.00,10010.00,-7735.00,10010.00,-4095.00,6370.00,-4095.00
1,6,1,0,36,2400,"òLâ∫",4,6370.00,-4095.00,10010.00,-4095.00,10010.00,-3185.00,6370.00,-3185.00
1,9,1,0,36,2400,"ï®ì¸",4,6370.00,-3185.00,8190.00,-3185.00,8190.00,-1820.00,6370.00,-1820.00
1,2,1,0,36,2400,"êÙñ ",4,8190.00,-3185.00,10010.00,-3185.00,10010.00,-1820.00,8190.00,-1820.00
1,2,1,0,36,2400,"èüéËå˚",4,6370.00,-1820.00,7280.00,-1820.00,7280.00,0.00,6370.00,0.00
1,4,1,0,36,2400,"ï÷èä",4,7280.00,-1820.00,8190.00,-1820.00,8190.00,0.00,7280.00,0.00
1,5,1,0,36,2400,"óÅé∫",4,8190.00,-1820.00,10010.00,-1820.00,10010.00,0.00,8190.00,0.00
"XB",0
"XC",0
"XD",19
1,910.00,0.00,2730.00,0.00,1,1850,1170,0
1,3640.00,0.00,5460.00,0.00,1,1850,600,0
1,6370.00,0.00,7280.00,0.00,2,2000,2000,0
1,7280.00,0.00,8190.00,0.00,1,1850,800,0
1,9100.00,0.00,10010.00,0.00,1,1850,800,0
1,0.00,-3185.00,0.00,-455.00,1,2000,1800,0
1,0.00,-6825.00,0.00,-5005.00,1,2000,2000,0
1,910.00,-7735.00,2730.00,-7735.00,1,1850,1400,0
1,4550.00,-7735.00,6370.00,-7735.00,2,2330,2330,0
1,7280.00,-7735.00,9100.00,-7735.00,1,1850,1800,0
1,10010.00,-6825.00,10010.00,-5005.00,1,1850,1400,0
1,10010.00,-3185.00,10010.00,-1820.00,1,1850,1000,0
1,3640.00,-5915.00,3640.00,-5005.00,2,2000,2000,0
1,6370.00,-5915.00,6370.00,-4095.00,2,2000,2000,0
1,3640.00,-2275.00,2730.00,-2275.00,2,2000,2000,0
1,8190.00,-3185.00,9100.00,-3185.00,2,2000,2000,0
1,7280.00,-1820.00,7280.00,-910.00,2,2000,2000,0
1,6370.00,-1365.00,6370.00,-455.00,2,2000,2000,0
1,8190.00,-1820.00,9100.00,-1820.00,2,2000,2000,0
"XE",0
"XF",0
"XG",0
"XH",0
"XI",0
"XJ",0
"XK",0
"XL",1
1,0,4,10010.00,-7735.00,10010.00,0.00,0.00,0.00,0.00,-7735.00
"YA",0
"YB",0
"YC",0
"YD",0
"YE",0
"YF",0
"YG",0
"YH",0
"YI",19
1,1,3640.00,-8635.00,0.00,-8635.00,0.00,-400.00,3640.00
1,1,6370.00,-8635.00,3640.00,-8635.00,0.00,-400.00,2730.00
1,1,10010.00,-8635.00,6370.00,-8635.00,0.00,-400.00,3640.00
1,1,10010.00,-9085.00,0.00,-9085.00,0.00,-400.00,10010.00
1,1,2730.00,900.00,0.00,900.00,0.00,400.00,2730.00
1,1,6370.00,900.00,2730.00,900.00,0.00,400.00,3640.00
1,1,8190.00,900.00,6370.00,900.00,0.00,400.00,1820.00
1,1,10010.00,900.00,8190.00,900.00,0.00,400.00,1820.00
1,1,10010.00,1350.00,0.00,1350.00,0.00,400.00,10010.00
1,2,-900.00,-6825.00,-900.00,-7735.00,-400.00,0.00,910.00
1,2,-900.00,-4095.00,-900.00,-6825.00,-400.00,0.00,2730.00
1,2,-900.00,-2275.00,-900.00,-4095.00,-400.00,0.00,1820.00
1,2,-900.00,0.00,-900.00,-2275.00,-400.00,0.00,2275.00
1,2,-1350.00,0.00,-1350.00,-7735.00,-400.00,0.00,7735.00
1,2,10910.00,-4095.00,10910.00,-7735.00,400.00,0.00,3640.00
1,2,10910.00,-3185.00,10910.00,-4095.00,400.00,0.00,910.00
1,2,10910.00,-1820.00,10910.00,-3185.00,400.00,0.00,1365.00
1,2,10910.00,0.00,10910.00,-1820.00,400.00,0.00,1820.00
1,2,11360.00,0.00,11360.00,-7735.00,400.00,0.00,7735.00
"YJ",0
